Net Worth,Rent or Mortgage,Loan Debt,Medical Expenses,Income Bin
360936.8140636928,721060.8496971326,409401.71199815674,987895.9882524889,
-294635.3190715531,790937.7147547726,-399865.68302602926,-133576.6277032533,
990729.0103656887,633782.109647112,391574.1727275,26703.432103036328,
370909.92409476975,974386.5817752831,680842.7330610289,262353.37037546275,
349832.64316862123,1177676.9827564298,442335.9370847471,126492.28843724515,
571556.4076483011,720623.4269032568,62038.44292995919,-858862.2675582101,
820812.5953542045,293186.1771806142,49812.86833509147,777375.1179998869,
249150.8167068027,49029.3572317191,319254.9952196599,894186.1653778139,
-61625.70944797487,1010237.0087861799,171066.67787144094,722814.4011187598,
1366252.485188773,-249182.38401079725,-30758.68761730367,591384.3911248364,
-451677.90012281324,-6919.60044169963,141644.7164418177,376212.9122723844,
-434543.4308347525,-217850.14618570506,491563.778902492,295657.9023069254,
137978.83955292415,283833.71311655024,744807.9265781497,1331446.3876103149,
445486.5534783816,583837.0911667878,267014.0150850601,682431.5972495961,
277978.257953143,-1702264.6193228806,-149970.1046588783,1545193.9708087775,
615929.2040632236,653468.9126561746,30235.641080293404,1082522.9494283958,
-173840.78275759824,30804.694772806928,-978069.5749719146,157406.41600693567,
316757.33717658033,1250718.7746933524,105339.77544624882,1571402.2967562997,
826812.3723019222,60697.77243759742,127173.09508356493,1252134.0193439876,
487683.3045226013,614463.2022934152,629977.07134175,898278.084004729,
1001435.520663914,285434.66574836837,772724.5133719663,872727.5048711265,
690848.3024300002,432719.46401780937,-119676.44628440386,207685.15624792853,
253302.68726532435,1081881.6865872857,1128372.7880698596,1692739.0670994616,
683935.5735474718,108169.212344551,92953.04341745644,941470.7048960228,
-564385.0372076135,415792.4990912032,756783.1244851728,391963.16119189875,
-580732.9543760289,911099.8014904782,-1704601.6678745039,867353.732269604,
557822.1105093571,-349998.99254849297,93701.75816688045,1705789.1625682246,
570934.8561315255,617920.3878162226,249378.0375961138,1116388.695325721,
1549123.9998049422,281832.76322318334,582731.3615606938,-521030.85700316087,
669532.4611903036,32926.59560781169,71004.98124229701,983352.3878747355,
-18726.65185214256,67078.82357208166,1319494.8454384268,297417.34397851536,
1246085.0179110747,900978.1088065852,-309612.67469698517,1013266.6827209301,
757540.4453242654,1002855.7350880392,-701547.7251235165,-1231062.5676824874,
1192562.6786226192,700104.3296055875,166016.36803197605,-16857.9465480604,
1555485.6996497763,-21319.497946876858,140804.5709185122,1289979.0668873754,
268140.1932094037,1456709.3720711828,-546105.3449185728,327519.6321014868,
1091793.2322558397,1594202.8682395678,-1507292.4408751256,-173762.09031883912,
461633.6230135262,-234530.65659690346,306882.03462151764,258905.38940194092,
324590.6673135825,480112.0434088363,309269.1090240553,-292780.21296135447,
1793402.5913650831,623961.1935696619,120975.56103142565,42640.32260165031,
90149.30629511476,-9986.575526832368,1178559.1083278635,-29341.56018157932,
322161.43353933364,1243581.5951475129,847496.8221106788,999470.9150507576,
654658.2221312044,152617.94253037617,-171559.98210757127,634312.318514758,
131166.8993143495,197031.3750697861,-501324.0035308674,1469619.2197100804,
832146.6839818754,-195574.59030435127,296009.75788947794,873101.7572972395,
-40500.17599092719,1125756.7733767112,-107234.08261276352,636823.2795340449,
772265.9300250008,551611.5114688098,-144356.43403732427,-43839.27845898413,
1564703.1136291209,1626044.2926467669,594402.094162341,-274288.9760779989,
1263563.3819225216,555512.9660764935,390366.1974368858,341236.3251450595,
-536543.5425874158,-171419.4338668413,60626.770661991744,1443698.3500559747,
898592.7329381409,1090014.78541034,-376049.07788667607,1510355.515623867,
134270.46325263794,-151719.93631026946,-856685.2587742417,712259.3230557954,
1821252.2044751425,606835.5765320582,-852206.5417540859,1467000.8061328921,
732237.5366679302,655293.7193490919,85968.55852145303,263761.34998300707,
176107.82300775003,175760.8492913728,446677.4845959091,708008.5935254536,
1269329.3260058463,-121830.11441494926,-1318324.3407035999,592880.7841489505,
862148.9828155381,340542.1912342294,2098681.289815233,1062564.6443080846,
404095.28154767584,492265.18579089054,419753.5486743706,409216.5005785482,
-824477.4032321388,560855.1762412412,436439.20434733015,867027.8174707295,
2294255.0919025694,640015.8992717473,-172207.37629433937,636197.2023526665,
-740044.2663882505,-133936.1382775031,137727.83936928882,2470219.440335256,
-164256.2215689891,1399477.410427318,-428453.6304621219,1173971.9151315708,
375339.6012488507,-57241.208582403706,143198.70832647942,726096.1513353375,
184312.161238434,622546.7399618153,59477.51404496006,-32234.30369188949,
1002387.2226467533,418602.88808022416,531219.4737303022,762392.7825231319,
1081768.483867532,332323.05533233716,-130502.02410627138,18485.600743538576,
946248.4379229418,-782527.5655069686,349867.47685185494,107028.2579773175,
1734653.200681446,1000251.3656907039,561640.9056108491,691956.041479419,
267404.61200762365,863797.5569561054,286902.5292136464,259351.05148160554,
522677.90957295336,-192530.21027727882,43524.65299726857,1686030.658335004,
813055.1795645894,793443.88527221,263355.36754998146,1086829.1580982497,
149684.489705724,-730792.3617088448,-264749.65813294594,-81657.50130566466,
1843599.1698196458,887185.2966233997,206949.44911447706,-1299511.7626389922,
2016014.1871493573,604848.5721576274,489810.8474149528,-522282.6731072896,
435673.0994279905,977080.9992814634,60086.888296645455,1268090.6064199936,
137008.71466535656,-124662.70606276029,-4449.414559932602,1229602.7048697243,
517444.0756376417,-418641.17955117684,287348.8937471408,1267552.8056702614,
990384.6446021665,698357.1048656004,-273419.867843133,566934.5165699697,
87897.85733823298,343937.9601445994,-547657.1141521917,321973.31929707865,
568743.8734443232,114250.48944908111,-200026.75473705376,671475.1159275712,
-59688.85630700769,701693.1640796752,572681.0456970894,287711.8755884204,
292293.10008119314,-703686.2661432584,-1928068.8155880426,1096139.666313875,
101096.09178238343,2290375.164249351,-1225771.3693955839,452946.6770619779,
-122031.15286071211,857336.3354948815,54684.26142560493,422237.26631395647,
802180.0537433522,692381.7114076847,922151.5149851178,803012.9217505418,
827270.2216656222,-127277.80728101567,-291805.30163102725,-5273.329684277672,
252152.29955550475,1100199.1235214425,666929.7491337296,23060.954213433804,
287875.31840326905,530521.7792452665,-1054004.2991336044,-533583.1187220793,
672997.8740911826,1095925.489244938,203968.27248273062,-709962.4790709874,
230081.96741928865,622062.1392627248,350213.58213347243,469402.42758299434,
512231.13134581404,1294863.0673644338,137274.46802845458,1667674.1987657868,
-151881.33911653727,2112648.814102445,-107404.38159160866,96866.85943916746,
48280.42678361951,-267295.652083014,109841.24457497973,1536025.8812863945,
41944.29981958293,-270562.41652111313,-553635.4378426233,60898.76364178872,
200482.35355907504,275609.3900734526,-248751.49152534019,-318429.86876701703,
864918.1329372218,308867.36045555375,41010.20912320929,244389.00145985238,
485015.31256475113,15560.788004526064,30843.20427101292,931998.8687337593,
6300.300363894492,320636.1720383743,844608.5094184525,-361527.2393546316,
180444.7559001972,569105.8551267025,360628.212276542,25902.789804790977,
327081.091106397,-28320.983483652108,170491.6223147918,-705479.531618554,
-154380.29492617887,538156.1577113982,391223.3001083161,1008482.498971176,
41913.981584255576,1229024.9156496597,255570.32881519082,1213654.1019227076,
1972939.4859215724,748330.9862403313,-644217.8463746355,459041.94865796104,
1053316.5429971335,887783.733478511,562461.3568946223,1363671.0567470086,
940971.1892639417,-232830.95544035395,77153.10310074058,2056979.0190173252,
111144.54277933415,91957.65349953604,881257.321509605,759853.2593483943,
-310347.3423781686,363025.8645548979,517224.1722355903,-35357.623861270185,
103890.92208101969,-350536.24770557194,1024149.8931499799,332512.6760202332,
78009.60229783776,472895.32319145213,34568.233989918575,2152571.481431225,
1343883.433211423,260866.54835512617,-393266.9526763542,584857.7952146884,
-263504.7379867743,20911.84884466749,-271468.5806237635,158501.17771612364,
542658.0283299306,1376690.8575066598,25576.4796805542,1122793.2373190965,
550423.081094491,249822.48362935742,114779.79564072605,609131.4924197162,
840821.7771816975,1298867.1992753714,-201111.93033369823,454161.8899348135,
-352232.21401384496,795745.212312383,-4176.692227692634,543268.8423399286,
499617.26110381907,28948.380084166914,-39460.13288577444,-413796.5207538684,
1807080.6310280995,376242.83410067705,284816.58919478825,-174160.72881301382,
-150301.58015689434,391663.06967778923,291228.3716639978,347633.97890342155,
59861.28357183216,676136.1633119988,1308755.1698432537,20246.945647507837,
952842.2043016473,178047.9854360334,-672794.7010289601,407239.74883519026,
1236901.4215602484,770941.4379396396,-147611.1432837518,210212.03008067977,
1584408.2310089087,155055.97375911038,-199575.64748411268,1428792.3822505106,
112971.51615946149,-616000.0969196105,275718.36235797417,1126132.9098764705,
766359.578653451,-24130.030675695594,123251.64384947512,624642.2976143685,
170045.47320277258,132893.78192105977,1217553.399079924,102949.82125370471,
757628.1647323398,-544292.7601416814,-435544.79802217684,913002.1186701872,
1381372.9322276635,14145.646705299641,-518362.879461213,478746.67511082446,
1072589.0255971402,343178.3790016159,180629.77376963283,1249465.282575924,
212151.7873122285,1063532.779979447,343755.7668428176,-1245178.8102267766,
61847.34105741275,732655.0093619344,137206.69139118033,-425262.8705285669,
1158028.5944918422,481023.45734524354,414472.75740745384,1007246.0048176491,
549537.6476530586,-111063.35446219341,550235.1712916426,1310184.6968546328,
1757917.6044641703,-564007.6627380191,-803531.7689745862,1087900.1479211925,
-613326.3318769386,1427728.946542855,435755.1758131125,769031.1996773572,
880192.5640048129,603024.2056336233,960505.3331804373,238401.53971279814,
1579057.2354194578,-417965.317640393,-48631.397594216556,-186547.1741507175,
637187.0156655305,528527.0998936618,566157.3178435584,893851.8962272124,
253356.98418563558,396587.22685180104,181110.2051111806,568651.3871216921,
240964.89868313118,315406.15084342146,197757.24286587955,744568.7436862296,
736603.4528432691,158248.5473866344,-168246.20779728718,370994.6476199975,
1151299.239144194,2054011.5997346332,76688.24887554371,-328962.84865399665,
-563647.5118389213,197023.68898308906,-196455.10987477808,-1232761.3713864293,
-1488363.2947764902,953041.6728856983,478709.9320287652,1103546.7989138397,
730521.3043561901,638265.9931811225,106442.16241967518,1880103.4606076856,
80743.25804227534,1015166.606477862,1076634.431919977,-293566.8095567117,
1086254.9994551777,565061.7394233157,68224.91540093729,571890.234805295,
-982266.8745376961,448156.44021903514,-229618.9812032017,1489483.9321004092,
360528.5269588254,730353.7113333477,1008262.5226318871,834936.0744127166,
-1141738.8903133043,1318389.9409026299,-261254.07713423017,401835.2218234729,
554358.3117107423,569774.6249168196,-271368.11475859274,1705014.4585986407,
1132712.763577454,1020099.6337169732,52120.61101726681,-486893.43835210707,
-418706.77144527977,876904.7925810484,139163.17264694785,615182.3207217304,
-107384.51175361805,130059.03881301195,45618.92164897547,-318094.80207291024,
703229.1097174226,991010.8379691041,207201.66645223106,633363.2903370757,
1199574.2792181578,789670.8525750521,-201475.47722069483,-393827.4229775364,
1212232.818883332,275809.12781217997,-33347.66685996493,1338357.2705237702,
346466.1203076381,240269.133821883,1039687.0231983806,-64493.40109165976,
740404.2110432098,852883.6204268133,-526004.6608142888,405147.7288920472,
452346.43652817403,427455.05319195916,-446610.14119730727,-38528.24041712816,
23546.2651320344,274281.53849700256,117772.30811141583,619338.043024743,
-272327.8770637184,831780.1074137157,1334019.4638380962,-126897.47551285522,
120360.98493652669,381308.8694059447,308769.19116595725,-759821.301528666,
802020.3082910904,259950.91302637593,256561.38965664225,1542760.7094190563,
878810.8187481984,-26750.031205933745,182921.47833290583,1047688.4790463864,
682740.9682173295,542833.8107674816,899112.8971318997,506579.15980942716,
141460.29679448524,1261215.7797556706,-381928.8892206735,1114030.2411204404,
338289.64526005625,478144.3722596869,-179297.38389102137,531974.6815980235,
421441.7630069322,476991.50176901487,538402.5734403551,447647.63399825105,
640305.5432233746,154734.43154153693,90533.15791950515,612956.8515055343,
412348.657763821,1054036.2843007906,-889187.3376010419,543582.814153942,
961847.3737791127,1227684.8023845968,181854.1657667093,416542.25008278294,
955723.2543704577,847917.2592015548,-1111056.5723472768,-123676.70838498391,
625118.0704182759,-361622.2995205057,-655812.8405439814,400427.8826743731,
878526.171233289,1211678.8376116338,97027.14927309491,162115.53700967768,
259292.74389432312,-37148.00986221297,-89909.86351952597,396412.76030017657,
232399.0763386949,517239.52231498924,-667533.8802966191,222817.21499311607,
807772.1136582606,275061.9874106946,-518980.4291768874,259824.59274032165,
94717.93094442255,281643.2916478253,-99393.47797949541,498746.2040070093,
353901.6119998937,957076.7632662328,164305.03387429361,105543.89525000993,
485181.39233487897,550909.8009679702,-37245.66094873553,573744.1340799842,
1164460.1836881372,768677.84876464,548474.5431057877,370702.5110198925,
1365749.707253599,1112649.5523985836,280746.52526715177,1284780.0608846697,
446310.6311904035,1228188.917142075,121705.17366147411,1230265.2167382718,
780734.3428671411,-57203.60199302521,77377.63659258606,20483.4664863498,
407479.0075005095,498710.84386918915,-429842.92674375337,889366.3980751699,
-693225.9944818985,925180.4743202179,-168950.38887601352,971322.1034644525,
90956.76184506816,1041162.4415280456,-705511.169765532,316376.8688377535,
459459.8399636488,724048.2705589926,20782.985239067668,381742.2514211903,
726574.3715391229,544933.7573889054,-16373.575951340543,1026642.9401372153,
1547777.0520368002,159526.96915883734,1119628.8241003628,804751.7950235559,
575108.3470609079,-428196.88909529825,389178.95705109416,-444531.3499556966,
795066.6765441421,584060.9816413033,-393013.18924827286,1307593.3355646967,
704632.5249895462,2661965.7093056715,473857.5951936095,2071277.4920102442,
1217799.1183016193,823606.4248947727,-837239.137418075,-177756.5681309391,
949281.7460750109,-287244.83667761757,443982.95787503046,547092.5982615739,
-271029.99793740385,605572.6076886021,772956.094171036,-269826.58049982984,
622624.4283337514,983293.0135025647,258557.81078860935,292569.0620454737,
349747.393531587,-160148.8227410757,-195754.53480123344,775376.6067033956,
166976.49601569027,774005.9557491322,-1209211.3279089956,984449.4597252896,
387984.22777622635,72195.71935105481,49586.80155481788,707057.7510122582,
75495.8970528917,785919.3829237651,209456.84112408102,969467.8169026164,
892138.285379984,685002.8843282415,22431.68131275307,366432.9947820342,
981493.5887220833,1260270.8171855966,360033.9604033634,-420570.573909495,
658361.2488141479,-45304.83231515215,19484.570078115794,116864.94760444766,
523715.01702435943,587251.4092105451,278807.5907612084,382541.0472326957,
72222.82435963096,344183.3235527654,385372.55313212844,445776.4408734209,
632589.4325014688,412719.61247742723,-227237.23620721867,434491.5302624765,
-157082.5080382169,681169.4203036495,-4034.1750401889262,883389.1682691136,
118615.82845108313,1071206.1071993974,11446.454154547238,1903124.190213269,
691411.8310548847,1090707.857546499,46736.506542926814,232121.03931134165,
593215.1318261782,232660.93046936783,-167567.1756537673,1073874.9969072724,
304470.77937877027,-79784.51662983917,246651.03307544277,-271142.9456045146,
805084.0882293882,201163.9926301679,362703.8640002107,616042.2331255744,
608470.6761291763,811061.7569643013,-374503.2678501465,315124.80532556074,
599190.0578591288,126672.7065826475,-172019.5079852992,78330.57680415329,
939698.1520807379,677661.4933950091,33901.35101627114,-52930.92091377794,
615179.7621021036,1021864.675324372,303945.36102795904,-87211.39838465294,
-310810.4915460359,397361.4992235874,165020.39097033328,274482.7161593251,
793187.0101508637,-329514.9621128623,-354848.4758567479,1071632.5946927797,
343346.2220615981,319896.28204324027,1514893.951133888,-88599.02154962809,
1206056.9291498254,256978.93936360552,-442956.09111409605,1140207.7605403713,
702142.1799669178,436152.5910470054,-177508.8967893966,961645.379813713,
915873.1126344998,-18523.827691761046,-293491.22310240805,372861.506922035,
-289286.2924202715,609281.7377914883,-169179.10935264197,802310.123633481,
1353005.4025829136,1262624.2697114071,-369574.6656824291,262946.76100674947,
606508.7302000364,171439.10101623286,-691513.9457763383,-593449.6231114382,
-646366.2458535441,795644.3507760693,733723.3965936423,68393.16103730406,
-66316.05483934452,513323.27071762073,473965.5446413811,280601.8767352472,
670054.844216926,298703.4013195707,-621178.8687967169,-24165.897577742326,
1184156.3101576958,965520.3735833638,297036.81299855217,-553702.4268904307,
513323.6765322527,1080056.2923366823,513123.6712257131,573830.1016390062,
84440.41054869679,1499160.3451292801,368761.61390921904,27472.34529221243,
631576.3960048805,400579.05763165257,-270415.16433399986,831999.3651356332,
385695.3105181651,1201348.2253506952,-13282.428253682858,501988.7981191762,
288189.85165275494,476657.03336995945,-188171.6287888714,103188.38530265876,
710467.6105190583,1189318.3226270876,1186835.594301879,-774933.1375597529,
1450607.6659541768,1267980.2167221424,-204223.0251843417,511263.44105267583,
605350.3757984568,407168.0161691238,1022051.8058769244,85646.95252649828,
662228.7719624443,762489.9914537523,549041.9909975431,516413.6925097812,
382389.4076013343,183852.58541708215,494257.8233811049,-110346.07873928579,
822583.7267047514,-188319.28872475427,636269.0228566898,-475401.9042042565,
187704.8593722863,372526.03582679376,406070.2291320957,1208918.214175927,
1432483.1067767004,571517.7006652122,-1503331.998207365,-352024.95336303674,
1016177.9235145835,1326469.9164412424,293907.11291096685,434083.77360698616,
437180.0955634025,-529396.0700573134,271498.18371999136,1048387.3908608793,
286368.31976432545,650445.4876431229,25973.604254602258,370011.4050098605,
-78520.50311393576,1172678.3918159567,-816207.4500858635,671656.6510685172,
623617.3135331356,-275479.4095207446,-1189440.5281255376,972865.3006659872,
1127290.277172505,718852.7928278183,-54664.3441543637,1869937.1492725573,
802597.9855336484,732742.1446104809,147031.01366649574,864161.1216735207,
189231.40982048557,706.8478330515555,-84024.31366842063,626714.603406035,
1407294.9643297186,635647.5705810963,-327095.96988545393,262570.5310331461,
766315.51072061,500978.1121311418,633510.8150790079,922905.5055712445,
124916.8283664404,963894.5039491914,6889.723040527736,861120.1117969728,
3889.1399376899126,765736.2616318512,163587.5953585056,1336697.0277100212,
159041.09392537817,-382228.48290172056,-28836.743072633188,-91568.67190042717,
957915.1801856414,498424.268155794,-530538.2933651647,512403.32415382593,
469986.71579325764,282901.07491316774,500553.80631036614,704299.5340227983,
421943.35757558164,284187.7220579727,-1889791.6379935443,589565.6584102707,
230412.15426826238,1094686.423423278,1111225.510781888,86772.14890170134,
1040162.5223508682,14725.141657330094,300315.87027958257,1296347.0752235032,
1356360.4787370334,38360.33313883953,83788.32639587895,294581.8273794763,
71480.53239519744,-456555.95421278,-104731.65194157741,745357.5718704268,
-81705.15210643027,-173099.79143083474,1039867.3351786244,754257.9613952347,
-81889.64033937591,1952866.1557737947,-41529.438932826626,851040.4578644442,
550763.8122838316,54074.34513275243,505589.39928375615,495474.99484728207,
441637.23477576347,387553.93664285855,-1126560.2532279284,439912.23176443996,
-371712.976374191,327056.20183912094,-226254.49902442656,425717.6604605636,
900522.157917406,206052.1000667295,-542319.9001803262,664407.3081155553,
-14105.661125639504,1698466.8562742297,25104.79556184652,762555.0118669923,
1516539.007994974,674569.000383305,-802901.9986200657,1080939.755945594,
328255.39200047357,643155.6949097415,-252070.84089724283,618566.3312370412,
516948.9805388186,-82852.50488052715,1020016.6929418568,551638.3532369933,
1143808.095932133,809121.3186429676,-491874.9045408915,481941.42855540174,
1011245.6176304289,58106.97556268312,-165214.6477067452,20856.483410190893,
324070.4894970411,53288.18209001963,168660.1112638975,794382.6114431284,
-19340.50775116063,171084.1205595013,453363.0479609526,788016.0395632815,
500807.1378166465,44704.1721523415,1733501.741954259,766392.4756656655,
-256676.79236410937,-145018.8199803236,-252011.23099629197,567870.7563641567,
102925.96159059103,877275.6971263147,-235501.71462823352,758639.9981459229,
231315.3152150195,815241.1798786665,-267537.0466251444,1231726.055737874,
-254943.48707063578,185733.7959539601,-502454.6637626202,767565.4643316644,
829468.427237889,867637.2800665563,535806.3608607159,-89651.08578517538,
287681.79808195867,-1343881.142425456,104074.60247607827,10380.273346071517,
1779277.3630896204,807213.2027314644,-212127.46536601373,-983900.4457308236,
12160.04290239704,1575743.907539763,-763713.0549945086,203391.12640052458,
2064384.5611460921,322192.56575121277,119897.9420921166,704117.4277833835,
-91792.65284569451,-123853.28117315567,1047974.6462829057,101482.1845812561,
766322.259397852,106325.02312176183,2049406.6192582767,350446.0125517292,
423900.5649335731,355316.641018164,-40280.691717990325,554974.9692280886,
960191.3361297927,-295626.5011779467,-658607.2487283016,247750.70032264944,
91594.51853488316,1450606.0996082793,-632296.7980234057,59977.29801395352,
270459.2455327677,880701.4739353808,580680.9676700628,1218226.0054936162,
49810.593090969356,-790020.9307108152,-112951.39258221976,886650.385140231,
1956963.0813212795,688146.0687876985,-780551.507491193,1361411.9055927577,
692801.8602100778,816493.3610516591,-386385.41120795463,-77063.07677627064,
423457.18368400267,288611.0070787569,277364.9853443833,-134726.31487579655,
1610729.517909214,400969.64456715656,-409614.13046695734,177862.710782086,
626786.5542641303,179041.12178443465,77819.06019276414,659631.6692985012,
1359017.858898569,309391.3543504395,73571.36728699318,265976.12669496087,
26169.475544360655,893802.8816949539,319461.9416923429,943716.5097325421,
1052975.373856511,653568.1235411447,-236925.0993109373,1095322.0751438774,
-407028.0685282112,963884.9787677212,16325.424463069492,574226.8812883637,
1438485.9485579138,1006867.363056272,-251734.30893887335,1442939.3558184046,
160231.9912276386,-1122386.218917095,-64334.35823080351,811273.2306124324,
661063.2075807487,178756.2729755487,386046.6971668169,286895.061104228,
1364928.2965641213,-536278.2990370784,-45691.38131924854,377098.97004530387,
86860.06525504054,117276.09361014677,833532.0265678772,440009.70422099705,
813641.8361798252,-243373.40462099644,-94310.98848373117,288231.88995863067,
931782.8963124233,797950.1503975925,1430682.3890386545,-216280.03111074667,
853628.8138222215,708309.001649274,265515.2894525747,146536.40594314848,
-332687.4144801874,-94977.38888717536,636589.2806176664,163093.20252407383,
318025.1841988856,731143.3308365287,1553013.3139377446,715945.7853480869,
-615073.256809425,480315.2085375879,-921559.0645288872,249418.07985041768,
256686.7832217911,216346.79407919687,31826.13439505737,359626.46558998816,
-2883969.7721729116,1421512.4214966944,224698.94412006947,-143780.3721718553,
1393930.4592022256,275836.6812404834,-292898.993284353,610053.5131790676,
-32544.764743596836,209826.19117874387,932455.6257081719,300750.6455569253,
966778.0192403004,651445.1205023904,-129886.2822030267,1031145.6363015249,
1199847.9550432912,58143.21742704626,-1328970.8746519443,1204369.5635409085,
531432.6340725766,-41198.26953744263,212418.36790180387,408223.4308982433,
-105186.13206432071,290153.4267367955,-249726.4885494369,64134.46289546907,
668696.2785591943,1121072.9765371724,-372388.4742159796,1287901.594191777,
-686999.0689305523,282992.3052183334,725677.2160504421,517072.06082428165,
-40722.01047809459,-116886.55527666453,-63828.17746621177,410483.5678473749,
860900.05548842,575137.3494225605,544522.9878049045,603446.1641196772,
973678.5142662295,2626894.954099152,202.97646266957912,619533.755735433,
473246.23557773675,232443.7533034216,-425422.03974652675,97437.26160658285,
65651.93384557175,-51562.664693079765,-280308.06744998565,235228.7801482848,
1396326.36683112,-165664.47902406566,-137743.25306793812,-1807881.9927461334,
719211.2643880933,-244786.17091664826,417935.2581682195,715003.8251357964,
393853.47798867093,163265.99668723223,1914021.5715312867,476660.3895816688,
254762.05566618152,504046.69971039676,-327035.14514911396,770343.2862592058,
483513.9301798099,294371.7357426549,239679.5991143861,356275.6982556065,
-129925.31172721567,111688.24283251422,246052.18628872803,997442.6383305563,
1236724.6910764368,1059354.1269028066,-151384.1189805267,906633.4499215174,
381939.10855431086,63895.4914732413,142894.3205715345,350817.5857781886,
-527080.0359346427,972571.9043864721,-1168422.535102237,-284404.32444580615,
517282.3260918782,870866.7470545733,-188231.41014583647,1072307.6231773228,
-88023.60357458174,138130.30657185137,-727210.2270674206,102138.18975714373,
-423525.5801100781,-188927.786075339,186311.6802420354,1113239.5575843896,
-386103.5895673074,520078.25274469313,124903.66739858309,-61932.91336607419,
802721.3607684476,495374.2198582705,-26180.95430398221,915207.7690430175,
463731.9990814227,442042.8415642235,62609.91767293305,484763.11391044426,
-486740.94449676457,498803.57554470876,781128.8146006723,228052.90426337678,
-875173.8558144676,1229145.1160889142,-368774.9929229951,405357.3682438958,
1135560.2575338478,503699.58477544406,-942160.488487361,767477.3122171689,
697499.4301348181,719929.711804714,-674366.8707753752,619570.6236633565,
952328.077522265,171951.90715069807,166647.64283830032,121853.8619292043,
1092647.8588788642,729264.4326741963,231978.05757873598,1024602.2518862721,
857494.0072509203,1191704.185741325,-87543.07231951767,650452.4165909063,
383269.4326817448,825924.0891207734,221848.8485679033,1111367.628264375,
377800.4377638226,216618.80636500055,-219428.0491126772,-761222.0795048013,
414451.0014457299,1318914.074303851,-160482.45288988412,-83398.13021194095,
798576.0202623314,1543711.8659416921,242780.92138081777,1422492.9085453446,
914068.4486301353,370188.8867274887,338848.91430047306,527851.5791065518,
497484.22621856956,426661.41618053016,-592035.6079125609,1160975.6065788374,
170831.55875412887,1246222.9358553058,136931.31226967069,182543.01233790908,
1126628.5765056396,81380.06632942411,562125.169480371,150054.48312777097,
145807.02694969653,-223193.11282355397,171944.13660063958,996798.3437693221,
1785637.6721877987,595891.8288368189,-566095.3254429452,1554527.378470772,
57981.66054238583,438851.42769127677,828042.2256174227,235729.57896794018,
469919.74828958185,234004.6380701125,91097.14198644581,416031.42900921416,
371781.7979210535,977840.977192768,-137568.79359392304,1900536.2296804897,
1195916.0788339227,383421.637108605,108012.5500950712,620692.2796841388,
253069.3402945963,860378.5881203344,-90232.2391925471,-920964.3773133795,
-244650.1571309106,530173.8762421254,292883.3135761046,859357.2150757564,
804213.7113875953,1151534.8441524995,323120.47906534176,-571927.1650729248,
93926.52216088283,1158866.2200984329,289804.06305232446,651360.2953776105,
287177.1494381756,762750.3555550331,363220.99152296514,438118.01906369044,
412001.91160827887,230894.28466449043,43908.36083692957,112441.04784475223,
1131868.053292654,631429.8775032423,-406765.10919816815,1908242.6902291665,
-702451.3664484086,801215.8401674035,2034020.0355863427,972408.1907944144,
27119.62173667753,-754760.1108762922,-170067.79765908179,235383.03573655616,
824059.7283773853,988743.1402952601,-189607.23968717724,323292.71231209475,
936932.5810995032,-967760.5753753369,22691.19419123456,1483814.9094863697,
639444.123310766,449309.4549264821,-892213.769684227,1849078.6295304704,
459138.54745909176,-385418.0346290942,-402452.30235504854,565730.2486891272,
765774.1837363796,820316.3636751958,-222427.15131334862,9288.94522155149,
-496476.3249428717,687568.196555265,1009730.2774812446,-57445.33404218116,
295007.03457425616,1238512.1202284954,465034.5338792999,1147456.5105524547,
1196193.5497739736,-689908.7715113963,715329.3362933304,323965.7454554564,
-373774.1546512933,2060350.1686819377,-50471.36314945923,355411.18704465916,
986409.7817248278,700320.6104332972,43726.701074065124,108153.80415169241,
1036486.1383830602,777840.9218629852,1925019.1556547033,1167235.5455451563,
1025812.7230815201,122936.44366773029,1349719.4864407997,502896.9889034356,
-212994.00186540387,1649678.3645980554,-489097.2309022073,207244.54869345168,
792499.1044856503,488313.5373287585,-1896395.3344744318,-793440.0303586463,
-2560.896028036297,158717.46095544752,-545285.8221552224,1228820.9541658051,
971710.1330900991,1066055.7800064487,1068604.588961137,357623.24160544877,
-50343.18283108127,424808.2746876986,81812.18932097661,651569.7420119741,
-77335.95412611298,950013.6760867645,187003.60257683127,-16073.541905022117,
998310.0204209902,543254.313128107,81921.66613903045,1499366.8128236327,
524354.8555880537,343416.3031420129,98964.7674487995,353022.22687525884,
365921.43094365275,1270268.932694033,113170.0634399174,-222749.67483849506,
1321801.775669956,2020121.825175647,-983705.4641737805,-233645.4214721651,
612465.9446221781,126950.78000138846,429120.1836814739,1071459.1178702156,
-78380.58648333045,-230835.93708604656,71135.43874409498,870836.1626895352,
428102.79295554,714941.855292528,-185867.4964023765,230682.8704917826,
-383082.41503636865,217078.12894226398,96702.47650622923,1570435.8752542157,
305840.65280438965,-117262.53870206425,166491.7599680351,-44132.22364237142,
135646.8835351456,431489.9269185066,288944.86490289005,440838.6221167708,
378481.9636523982,307490.46108660306,-30506.76189877416,135657.509765507,
789577.9591457355,2611931.518700791,457344.61904375936,1170398.0939464876,
280929.33070155524,1004734.7793370173,-151035.23972319113,421796.2592439073,
549750.1098959522,473359.931174597,-205110.8019138332,470082.1613743509,
917499.0640156437,5286.221366521657,-282174.5987046717,-187325.36775678166,
953900.2639913864,688144.3974428684,464065.33096957696,-13606.393246905604,
3504.449500273496,-386571.4422929543,-4972.087035398718,642649.4744721343,
594820.3145275367,295222.6591479062,3951.7573407731297,1157238.3379454196,
166036.28577526595,1202142.2245398862,125154.92064998209,534296.0934250496,
437655.4427618899,553392.9740464486,-28595.233966888693,-29157.275162251397,
1092355.4631657233,431621.3181055281,110562.28277881806,726731.2212748821,
718751.4524086692,722969.7124749997,953404.3230965416,977658.9743718009,
841459.9602980097,759836.9755207696,802157.7930578949,732795.7264464425,
390083.6709207635,540265.9007654069,72878.20334838211,760312.1378362508,
-32980.353036702814,318351.050315165,688235.8593988654,-256783.5327619483,
481899.45442590385,850196.6582537176,-154533.79405761822,-198360.00475505652,
552293.0165565548,207695.82897705448,15462.950354341432,123543.86201282944,
256442.339942102,1073598.1738700257,-184274.72799718787,407479.8809183418,
1012542.9967485972,491314.50821544253,254050.4686532133,900203.9712951346,
-69080.6648660714,942678.6252777119,-742425.0136631778,1671084.8680922643,
56322.09922327222,198396.61901170542,-660835.8406799836,265263.44837544643,
-73586.36016028102,47961.04246321165,6111.749774010649,279624.685982115,
236087.52707831413,496364.3333278791,-10616.130218634096,719372.8662986222,
38444.71549202858,775565.8223921584,54424.96680046216,980212.3324615995,
1897553.5708753045,673031.2596333344,577109.7765672351,308172.132398127,
199628.69449418865,-88298.97856929252,-82487.85396970666,510631.3731690543,
112562.22573561475,1062215.0051734885,-540060.3020934451,558092.4633914987,
2093445.872265759,-192898.49613874615,513137.3596802807,514733.9821713506,
-317658.362100426,-619236.5986530604,744234.0431452427,1348468.2889126514,
1760288.3129241867,901115.2609905567,476345.34935795807,189795.77662442866,
607688.280969256,265068.9934119022,178936.82819526846,1498694.079306449,
794488.4111365301,886762.4519819166,563122.2077699816,164516.53079848213,
632792.0606428728,505358.77341276826,830452.8923217633,956996.3286513432,
486852.5184293445,59138.24174208119,673284.520028306,171230.46070680048,
13258.054555159197,730127.2862020596,-345833.1849947829,262988.07700629404,
1343983.3657341944,429934.4195850453,321791.5424627344,731886.74197943,
227344.3792084857,-103447.53903520372,323414.6908381771,-251914.7064117106,
1867617.0917345176,846490.7339374254,-463256.39015668444,1114532.8581045957,
475366.2167000577,-984589.7641304627,1677581.1091159624,1144100.8442246374,
1366370.6720676073,-356328.84546682285,67985.73330088056,855043.8755445238,
999090.9915545932,984086.4673500243,-725857.9446739261,-261392.6800401915,
1235540.7646641498,1069520.2299922658,-615416.2409199895,287353.16187652346,
-113616.54800099,-214192.5002779973,133483.54534514033,-171586.93927695887,
279120.8878009722,1019068.9897225583,261422.27037250786,681019.1717785618,
-386743.3365583193,1076742.8030316615,96733.95020219439,-193767.64505050099,
195079.80650552415,289385.47607743496,286815.05494980986,1339781.5601078556,
907308.3185436429,132327.56296390883,305359.47847167647,445664.66841023444,
-1428491.7231836428,927887.0102874391,-695289.2445941322,-35975.6569766661,
1213360.9643389827,314746.1762853941,-1347408.2581937327,-549756.1152123791,
140459.4796935541,394422.8613501702,-288522.68023175356,-1095862.2787611396,
818759.8680316575,817259.2807647577,456881.7063189069,308420.1404623708,
414929.27228041855,295140.01376439305,-547882.374623084,1020916.6908109612,
-260614.31946280232,1330314.527504554,545529.8471127986,913344.5648138663,
658574.8227452184,-207180.0244028715,103639.85912418648,552193.0828243406,
189733.14692924308,1854860.3399769664,-715956.5679449006,665668.8451853374,
250775.76796878633,438428.79708257655,139805.4967046923,-56336.05618237815,
72281.93481763326,9805.072438278601,526098.5027573325,1032940.0184820697,
780950.5952479893,1348355.8162685689,608293.8210702138,276053.4267339944,
477420.25531382393,527.9784256204111,-46790.681062541844,583408.4105254586,
1026939.4792859978,537091.1567140718,-105570.03216779843,183530.61761779978,
794102.9451397599,925475.8084352233,-1046721.7999709975,883909.9660975373,
536845.1043393261,214816.8471333593,-9903.2161654311,296289.01140328986,
110779.96647610818,1458070.9831712823,97332.14297046183,1147560.0303326754,
1162383.6443308648,480237.3856535336,-426896.48128399486,374158.3419572197,
-99175.00422901235,-222359.0020400028,12646.89328066316,768313.5468715737,
-265631.06465055136,-51640.76799603287,-537081.6001365366,647859.9350598358,
515108.24587738747,-898248.6758168134,127295.23620792184,1446398.460814111,
-71582.1833223569,927275.3811372987,-153305.67462852623,1220578.1218574834,
-1904814.8806937248,414552.78458217764,815219.5494083524,-93483.85848078223,
1699360.2340955352,74107.44195101447,216295.85918184358,966283.9018890169,
-73879.79235492577,130401.37247060196,-496673.9129089423,149753.1823329727,
-189884.22485809107,111771.57113076639,40448.701707365806,1601690.8112146582,
723782.7348712606,46432.5791792437,-123237.8953190566,569801.2146395816,
603575.9557400339,2407764.6136249243,-712846.4960064434,589909.4618226663,
1838743.7603817866,-137516.72940842388,1905284.4208965339,478408.8352187141,
594396.6126754328,-144942.7316504825,544000.5189748826,964120.9635473201,
1640873.3961602433,389826.12462999567,999325.4294940291,-578976.9142184017,
1044894.3431258574,119485.90655673448,160936.43089035508,788828.9282865282,
343975.8117487504,412906.4307222789,761211.4566521228,353991.1476846045,
-423781.48626238387,-400377.700172462,-61266.07021389519,447602.63320008025,
435891.65135479596,-680810.1293136512,406192.01474236837,759666.8511746649,
1022252.0718237199,274353.43454420654,-541616.7302589078,-1052157.41967504,
956336.522801182,157626.17354611013,13410.249026185007,-444729.5310906929,
992972.2613421603,411437.4967227756,-262310.5289797487,661801.8427889536,
747018.1148852096,1851400.4522084254,-123071.29612800898,-161639.58228462533,
1277915.0905873056,-2871266.3080951488,767399.861630947,523595.7814020349,
448971.26660888904,840970.7007997248,313178.71607667767,-410757.63408484065,
436254.5193415497,184330.16533822686,667819.7045624261,114465.96579507396,
328680.84803011076,232141.03826711842,263751.6940045435,1326751.9388689941,
456109.1483133063,563117.6688310961,-858247.7113287977,180300.848233851,
584589.199891826,840053.407803779,1116292.1220860968,557675.3376430264,
-666872.3779198551,492515.12969072594,87258.36510355235,949529.2290632984,
36255.25463779973,294314.44535487646,107206.43479114017,66554.0957638459,
845427.3260998722,-162908.94890097974,359172.7011299659,823567.3475599503,
699051.8376413466,303811.03756035544,73430.41519870915,2741897.278997577,
266132.6284961642,637449.1451751161,-26352.13479459462,815743.9075292018,
100282.84419197925,-566921.9784855901,165855.25895476912,892213.2415198912,
323442.702912643,1282567.3684029314,-58994.19735675775,-469313.7456361294,
472444.4705896557,413362.71943870606,17419.74362654121,127745.45471559471,
-1027522.508318126,852803.530198667,151932.8802814756,47492.000979748016,
522198.5791500557,-48174.74711037788,-388953.5181271995,85719.7614609779,
264953.63224476995,1003.1932653496734,650984.5909758573,662492.457198051,
1088054.1907619764,1068230.4875365756,-344753.96806596126,901315.5263171613,
524457.2857453197,1667110.8565187072,-320378.8162292795,1009560.1059206559,
658366.3181538845,1030235.3911778331,80042.99605708438,822695.6876537942,
641469.2509881235,1223617.1407086854,202479.0395793207,-743367.0055264469,
642260.4364325425,807825.4256819071,50669.563722802166,696676.1478518376,
542006.4760570494,-601281.2557766902,1182725.1228051838,831611.8927817293,
375439.96881355305,-317825.4188498128,181109.44788190373,57845.850032532195,
306492.89572772157,-158119.3335534195,-914245.1562037047,-226478.91700860707,
125987.78833501853,-207045.550793052,464007.65308997454,526561.5460694786,
1632937.2374887927,1889211.7602738598,673229.878821983,420794.3579394097,
1141190.095251525,1245836.575325371,-35451.515622846455,46205.941438114634,
105755.93549551873,367104.73803040746,396534.3875467151,445143.66972179775,
287853.377123205,-323835.9033195842,-410961.28427069704,149246.81663504167,
862095.5828662599,776371.6737459728,-636495.2542465567,768231.2734358734,
247552.2262687604,746870.8209903599,3714749.6899435995,-1336466.839239433,
-685518.5293873633,164411.13342028018,-37227.7078702821,755025.028965869,
692812.7321017354,298419.62017383566,330877.50586207304,407039.3473345653,
-632291.243370516,-348726.75992791133,627557.354970496,659367.8756511955,
217287.68365725054,302577.8442979064,59340.300423821725,895272.045782773,
-353977.7145251874,914485.0655971024,54548.09407524568,1015659.8199317942,
1090694.7413297824,-198239.89603153442,-8608.982924743632,656216.9151973148,
1312527.4395429036,761524.3899636774,-138309.43019538,927028.7353975908,
-410428.0075230098,-86457.60101024182,-38043.70474029681,1556546.9020483731,
1121934.8841423136,542894.9415431874,302384.1057028263,412494.4909758765,
-451693.65679979825,785931.3958559777,466912.7156295272,247375.60810391072,
292450.1218867081,1247912.8612479581,1022685.5063720241,161377.69618317985,
862040.823471074,56731.12340247262,68293.48808960176,1613599.1431439123,
76622.77634849437,298742.8950435846,26257.110439495576,1050168.3507925614,
-403594.27715126495,-366181.44983900315,-252606.19516920717,414641.7845113826,
819540.3058314463,442434.2210286723,-596316.7829613448,250604.68520020298,
316543.065373747,840311.019905685,-248231.3977166438,453586.83304343,
897763.255909076,118766.61506429076,-430562.5429193814,908765.9271272221,
612132.2995218239,493837.3455068616,-470593.9627537639,1202978.4615669423,
94748.48782150546,387501.7171048923,-89515.08845103254,-101885.0438744405,
-496923.9647617777,-312253.11013954564,547986.6923391717,511095.8364268936,
434259.2892546434,1738187.5873427265,-816911.1422879089,750377.7699182264,
598869.5818969507,869122.2699697362,-1527067.5785901125,1135384.9200311487,
-73021.71778770952,-586518.6546587544,-72925.28178879978,494960.1263583585,
331357.94188795355,630429.1617426504,496216.05811171455,929722.9415818555,
211812.11075579617,1277792.3109279126,-602163.5542544292,-1322115.2627005442,
334743.0006925779,1037871.0910415315,-661528.6970246006,-334812.32681840257,
179272.79961583816,-684995.6749993165,-357305.3150636598,-137718.72458266243,
1126589.1518774207,830370.2654060118,291470.5758690643,1996392.6846761722,
753481.1346830316,748377.4363301801,-34880.4296417475,525753.7018306773,
661418.6196762093,42642.189661494784,-72749.7958590512,799678.7059620679,
419477.83292119676,-1474034.1938745093,-457520.9430216859,-122038.99794355629,
183134.05196568617,411491.56754665193,353901.5516444546,1099232.8071647107,
704586.0416123034,523612.0506102749,188999.73728619533,1032366.224401833,
1280455.8259635298,1069405.9007309973,833180.199727195,957103.8076338317,
1620306.652415698,573811.8130457469,-31865.480964771697,1533477.5672873384,
210393.04916915536,686079.8701965851,1391613.063463153,-71728.13108796801,
796559.7693895157,1246800.3080412003,-241806.9693315535,696095.9079785086,
568555.7623752579,591342.8230394769,-167589.23008334846,1034063.442585383,
891781.2445284962,-70773.95416419939,-94128.66119195544,-1364852.3560927035,
594191.6286218417,237010.54225802294,-206269.0276988263,740618.9156573354,
2622996.8599604312,688065.2832112486,-93296.42351325077,512007.78722032066,
-39332.35405943691,135332.8134069069,71824.58706822927,256267.12728416407,
-442478.3094106341,1405925.642377513,-1079.801056429481,615101.4257194772,
729157.9593861651,903358.0866882384,93093.84560235808,944575.8709130847,
970571.1554799228,557711.4624902299,-51257.55786242813,2389727.297252332,
34175.63732677811,33006.973613750655,436825.4693410379,670242.5973633802,
-115947.09756190304,1107066.8789840245,54250.774465693146,619647.218534651,
592555.430237151,-18916.796272479343,-2286633.191229564,584086.4923495027,
264754.53037889244,-70232.29793375428,-416556.150400727,1118401.720956623,
750141.3947108537,-216918.17153232667,-115704.88292611926,-1271271.5528052521,
-674637.1635473082,310863.75363665365,125640.34740356708,761713.7024306182,
338057.62231233274,218452.6661870902,53521.496827809395,794266.7251349846,
184672.53583172368,381204.6139763679,230537.66085175594,781415.0968927226,
14147.019445999264,927573.8119494002,-579326.5739404281,899446.5912775337,
736687.5573760236,-259084.36739494046,80268.76951480008,686114.8561650922,
392364.02233864804,-180589.2808596548,958340.4800182201,157601.93741002417,
25996.465287165418,681048.3509816063,307724.4710165018,732428.3097049058,
-447403.16557844443,663521.9976174484,572804.7196994191,586092.6448145946,
1037405.9580134298,-195719.01688894822,411498.9483301778,1084600.6630777216,
708495.0107274753,1376420.2726865774,71182.30247093883,514519.468549512,
-1173213.6199894974,144350.50951495895,-92770.46674389744,250092.57377991412,
1093658.3292986932,-190793.1826048361,1302126.1037811334,1142199.1529948357,
483308.26467165264,485787.9736959161,215769.32385875972,710103.1225136254,
422761.8896311743,65369.96141207748,-1057094.594270099,329613.76309625927,
1435732.1653589178,714969.6589331331,319565.9772903705,294223.2257448861,
1182838.1588944825,347705.4205093683,-100984.44132999389,618801.8485677312,
-160166.07352487315,259189.90391085716,-219946.1918453175,604622.124802626,
1025762.8987526495,718519.1312118513,-1086936.7897638557,435967.63485148305,
792950.379833502,-256436.9843269539,-417426.0494374679,-268377.2769455131,
762872.9228780901,-252661.13495628856,-442485.6194796396,1303406.050551249,
447435.69920239213,2084921.2639849582,236.1699187319689,1301307.9863574733,
976045.8065510762,903758.2276744717,-406962.4014702032,1841873.8355735482,
913400.5917784583,350399.2253330307,54277.29432167434,-118403.36258765982,
972001.279381979,-666749.5632381747,-319106.8218222163,381052.23003836407,
173318.15260741996,1136900.2873041518,42998.60786724165,664568.6474052365,
-192718.00901428727,142833.0713104782,1579335.744435551,-2283.1411235145447,
583088.6434024377,185749.30683462182,-295844.33488332387,109955.60773349402,
-1102649.0432202022,297079.6496121854,-20636.392566086524,1196374.5836091735,
281272.3397608592,974836.8046677539,-499487.4178286643,627729.168124859,
1089731.536069178,67321.15586173513,145603.35418530006,1132870.5992867146,
301954.82851465093,1251341.010398175,619186.1533205681,443325.0143245611,
889408.3004995211,773130.2341665801,381611.42407328985,550070.6871310626,
-512777.5659722982,4581.795503467652,-186294.0873494359,622864.0515271005,
614232.0772639967,-621128.2400049306,875294.5423810484,835041.5024136351,
1002446.75207214,1275560.7932148953,-465438.2527767783,373929.36714334635,
1015873.590996193,258434.49696048017,-331386.3727789347,1027960.2005739785,
-217088.82986773382,150086.61801966903,104665.95723965415,181954.2001579068,
-20782.019476185473,413473.2111889332,56.108640671531646,784282.3557267289,
780092.5927109404,299906.2031513428,230994.49861683766,-535397.3545877403,
1415489.8787112832,173608.16406709724,403920.546495399,443419.82617661974,
750834.5980616803,133195.48956306095,293947.0879823781,383875.26634231117,
387273.30937498086,431673.88969352515,44988.17488080147,891414.2263158481,
1197337.5591986217,-728975.0121048811,3755.413268609773,446945.672568506,
531542.3739529224,1005260.0962290401,-292999.1278557437,-604935.8731669637,
552327.7711064918,766864.5408184391,-2033688.5693192459,1318951.5644059977,
686334.1317154448,1022909.8476888076,-558103.5669684296,142948.17360859292,
682432.1746099866,343094.15448360593,-304490.83972960734,731842.1710139823,
821356.8762522505,219475.9285097741,-651460.576994189,18772.124479409715,
672876.3050355013,103285.89958386924,109149.72479288722,146397.90114206876,
760237.7738989126,945508.6659065278,-178997.6617824086,1380514.0352130055,
756277.6596992661,402081.8307206421,-1551637.7861525735,-208492.75803029235,
304222.93818219355,274594.32938338735,590299.1981674207,-1301029.9111784636,
258966.4877789693,549273.3566932254,-263512.6442364339,931249.8292957556,
927553.0306027655,67374.64752976771,1733.1785620540186,-697795.6458427804,
358715.3727651803,394695.5178950626,5639.9935123338,828952.0284443514,
224442.91450606377,-14952.826181615372,457994.2547558276,-911563.7794754152,
1202056.6822921815,800652.1533065872,407903.90489111457,535671.2668667558,
324151.68454171054,29708.157825642775,468277.263414286,1597778.8487921902,
177483.3509684986,674726.9937997973,-539328.3633552622,-427603.62047397124,
238399.49768501456,474103.79453903466,-26543.261333146656,-78440.35938609033,
-704226.9875150323,-731014.7071313404,59582.741233375375,-494091.9053183395,
603695.8196673521,-953255.2476874292,-155656.42334871556,54778.17573770965,
745079.8326550778,131338.6469325332,-98835.9813676156,954568.9717926588,
847687.1144855735,-494225.66466284334,359295.9747104979,952041.5288195193,
1020370.5458523704,-295237.01462183293,-391067.4923275498,449780.82710417756,
363074.46523801086,121764.07808408904,56849.567861525196,737283.5509944677,
1097530.4622421763,600490.8335280144,147356.1061915327,722116.1627696673,
913578.3704987869,1309492.3733879514,24886.44164442133,81162.26894481952,
501837.64952159196,722806.3694423989,-363950.53705735895,-385530.5495277841,
241640.91665891727,-380.3989557625164,-189414.17879072495,24538.353591759856,
60426.32391980631,-205101.0444495151,63071.12177797003,120169.32154555841,
1174777.9149756888,-9252.078576125143,319296.8092703078,855097.5823863675,
1714936.7101780681,-71880.1519551005,24125.424880175,358785.3023009772,
64661.35861152742,463476.0925093632,101583.92581824008,222807.21402082988,
1523116.5827922635,573952.799961477,-815949.7963024834,773533.4644095432,
750491.9197478851,172488.69159682712,-135005.24222757644,616979.0286179,
-744692.7247803288,639784.4961411769,837836.0038886631,828822.9361435384,
200049.9440924555,985139.5443113821,165481.47928935543,1446328.9658877128,
130499.03183894642,1099955.931116799,305711.23808385234,171456.08542922084,
-222832.35915973934,186867.62129231438,-141963.47758858657,695374.6541903582,
471404.42888977926,977470.0412858485,-426413.3870577337,-4663.988920782983,
641312.5228302268,374764.3289274298,235208.1466585156,873101.391529667,
-638654.0008269842,836057.7517802061,615397.8566777915,656053.35528493,
1682321.5972439316,481820.85307794553,82334.37932288658,55934.50509921089,
180073.6257693877,164365.3205544164,-1256664.7937861094,804225.6077845171,
629096.8261616963,64791.06691642109,169504.31372414588,49395.502717522904,
387024.40474809846,655397.9177770247,158006.97456415842,1798600.1983884096,
1649650.2627469776,876771.2750997042,175597.95689033365,188383.53297288954,
1001620.3046961724,156095.329952805,274773.2435126195,-1044686.9855078657,
540619.1479035183,586103.2688501236,314025.4741941573,1363930.1246699947,
-236530.6590788232,268148.8744484617,-183514.9641237831,383415.72497232043,
818085.6944149586,894578.5739141819,291766.2384080054,-4107.6232557484145,
971540.1040838102,-124799.80185775827,-166043.73179394437,-42510.460252314304,
725588.2819662784,475251.4075509843,-711545.3463099466,909974.6100746202,
-134392.6860982966,556142.4973740575,33348.39374348963,491881.32534678956,
86974.44842985511,722045.3929552953,678172.4201620657,615443.9069239512,
375183.5755951896,239013.71959572635,-216752.16145921097,912201.2114645152,
636163.5587088531,843652.8147013728,-229971.0796790762,666239.0300604745,
254315.03257672195,672326.8927034504,516621.1628111667,-151451.5314161948,
806948.4038929163,307336.8259646242,-189565.81643363193,454416.68582152284,
-225552.58894653228,-104816.64722108486,269601.27043268114,293721.68687175756,
1706039.7874543853,2397297.214552288,-66189.57995128277,1133356.7518336242,
453527.8111823197,1000082.3253089485,-53419.30873631626,1112026.6230060277,
22484.536820018417,357007.21847129555,122147.0677106528,706259.9246259781,
534383.2139096046,1338239.3061579554,66049.79510926144,1036266.3202283175,
71856.43278462246,1752086.7687909987,368341.0957933512,991813.2332191783,
73219.62846344683,1420829.5686914367,-115221.00476759553,143461.87659131899,
961252.5545454973,785091.525686089,38086.49153078334,-342423.2509547869,
695428.4276944743,399339.712715933,291247.53579108417,453331.3103622539,
380453.52068635053,567737.3894010129,249271.55714151208,49009.919056946965,
-118590.29366469581,295452.7596782658,-19305.26355656918,269856.59644736943,
731034.3675350319,1528280.086292132,210288.69409407885,1424884.1800434287,
936497.9860462309,1557071.2709538413,566849.9025355936,1203674.3899675938,
540397.9854148035,731146.7393336503,152633.83462191155,115303.81392077266,
508309.89922324533,919908.8264427705,-143152.8020803267,964433.4542463932,
1089544.2397921472,341343.94449769135,-97938.26349422797,-82645.54408954023,
-96327.09109626558,1322982.9387582939,322548.262502057,910093.9279420862,
1070647.0933571775,692000.4416105311,-1149143.275167443,149260.9953808029,
62223.01197518586,238718.1608912603,-199898.54180685052,424663.7801966171,
931779.0994926316,734020.0369427638,-180190.98457213023,-23835.232514209038,
418382.17820168263,872302.2573449415,-79626.7504084532,696753.32110687,
1462579.9988928204,-644517.8153491463,1055924.3681324976,383947.0154091729,
-302101.6870831993,81762.91772153214,99773.40013289242,-1276967.4059634446,
-125602.9478910817,1005703.6495801401,-31002.931905673795,1573327.47451458,
472876.4515489008,-314347.0153681466,523919.6458886042,102979.06391159572,
804387.4050613409,652764.4537599792,563782.4973338677,1012663.4547954313,
-1420879.1267968197,1784310.7015830716,617927.3616829922,-48401.15768580235,
931359.5047395655,493193.9991431892,-1032554.1344725895,802378.1050113165,
1015027.7326827296,212229.8876867427,-80550.04551660744,1056435.0088215412,
358157.3828973095,-3665.628192759438,4818.33495143395,400206.9701973973,
641096.2688648914,718709.1746960103,-1763.702822392911,231771.3934953077,
367985.8303452373,891667.4525677585,1362419.8242582255,1234664.8775620412,
-170836.96475800796,12090.028892718043,-43459.38398495506,-934832.482855066,
-1006019.4991352266,938479.828190327,-390006.17044592416,-347967.51385373663,
935345.8481981568,311518.7183135358,-1551535.9700463992,556804.890180121,
849309.726451469,-26731.258926734066,68657.31156075816,82818.40065737438,
2664101.045740715,-283579.4962967639,76845.86612922572,-172271.93132185226,
-59455.35856486566,280054.9060106315,126114.05913598982,1674588.9639263698,
561038.8867348338,64.50280502743703,236174.82476935492,1476924.0040652696,
390503.4464910971,35476.93667929707,-468006.20416711573,475417.2746255446,
863019.0207923601,389516.8122013773,-671017.6249805094,518521.77973927616,
1074923.6334846227,354572.3139502817,456219.0399992856,1317204.5601639517,
247827.79654526274,1791660.1377179567,68543.61978217593,547904.0741273866,
1112116.7317948306,42516.118282151954,126225.95066038198,280078.19958115224,
140480.76225516974,837590.5402368591,70792.01221825686,706349.3900400904,
343452.5758280605,1002153.8059816168,51751.281368943455,673904.9951938839,
401698.0770609644,1066401.5502490655,345045.155473264,371768.0899514175,
541277.4589401446,1094888.472991899,470162.0660636902,1129764.3613633513,
812536.9962414681,164836.07770210673,-416749.0203728782,312921.55306582036,
1376268.3565107964,636048.8294497167,985775.1509424548,901707.1680615767,
898309.3749642861,615675.9695245432,493054.4806090429,-75093.79356178803,
610993.784032766,1128424.352325223,-2882871.3058306035,1362973.0049077568,
737100.086772356,1476003.4686896317,-1352636.0866878093,857859.6802358499,
850728.6164165862,628779.6906508117,-38236.04615879818,731811.1940245379,
472057.5824677398,959347.537086278,161855.6933383672,964454.7043480475,
235252.19582403434,174435.80246215797,-117164.98779957957,-43345.633824195495,
1295997.2428927303,392409.62107541657,-594778.0412026397,255772.02688750887,
-401804.30004844966,1036865.3025320594,-262764.2596502218,254770.4027836352,
664005.4984824131,1178656.4155455693,131848.2598020204,791637.6293943736,
867468.7450629633,1353948.0601547095,75767.36579732438,730901.8402381998,
750624.057540038,12873.93898639073,279606.6913733564,-301769.2999324604,
399751.31655251933,-89248.36914953339,260686.4177898916,1352584.398738165,
861467.3493373047,328103.589002026,528264.1630315712,-10062.373505999556,
1041110.1565394449,1317168.2891235712,332904.85464628664,806592.6334286354,
490429.91495213856,174597.57648275106,334682.6885271353,24392.802736723428,
633058.1642316503,133431.1074050686,-53910.58823097123,-21147.139839388015,
-1001.8207515334751,474656.7988691861,228169.49171389075,142083.68063855355,
431007.5547340912,449223.96130940807,205751.40271368166,169896.5453483569,
-974917.7896073579,-150470.87649323174,-96759.39003788705,483067.0098682646,
53813.92799902093,-268107.55302820785,163716.5477147621,484200.12859369756,
528797.0393780719,210694.72700425927,88973.70469515565,-422380.7976220731,
1354519.2033956228,329396.85705270653,-288153.16767601063,1059828.9915358224,
524526.6407932527,371829.6115999313,420209.3173080974,1350992.5310769617,
546500.3034504103,736358.4653483449,391411.7691555396,276767.05144972133,
272790.50585141,2306175.438060351,182035.8149126313,-395487.7747603876,
100978.92804141564,292849.2685069724,-2919539.2605127944,338031.2763705801,
-253668.45880169625,736818.7377249897,338400.60796391754,935380.6543677588,
1465846.1660737554,43517.92700502412,-513346.73994019115,684776.5004190477,
702648.0052406944,953008.7112302158,-878929.5245018307,44376.732313221466,
57500.26433288907,579308.261268999,461748.2695396709,958845.649842046,
397676.47840784956,767472.5937448184,85514.18085148674,1102156.8890864432,
1138671.825125284,703938.7167216369,-101805.69349508535,486095.73588223034,
-144832.43276926893,-636360.6506702377,-36058.33892672355,1006851.0819312059,
872060.2975526184,318064.8281950848,-350125.20726161683,643100.4081986359,
635034.5825538036,176103.33124837896,69783.5053730026,233103.16692383116,
188022.98810180326,1206601.2969583473,1450863.2306490648,25419.76369954002,
341927.14204475493,-18855.829774704376,111216.90183209759,2371463.0242372113,
51384.259276875106,307358.55368777993,430708.0248370598,-670244.2749318319,
143924.29767752928,-194635.9409849516,168892.96863608237,-1570042.685070205,
553968.1989908743,837746.4517523986,597152.0725882251,-897977.0826821582,
-111044.4281694059,226292.81187794375,783742.286302879,-145652.4100402919,
540706.2709116654,-494405.6489576987,461739.655355809,1718477.625531624,
238238.63978568625,1428867.331381322,29536.67408014176,883188.0280970421,
-74993.71671066846,398237.265303688,-1583613.1117446027,355809.1364950958,
1929317.138919463,1742152.5715594003,229183.7390997959,877685.3647310518,
298705.9973204894,663000.8657481621,291712.8907557938,607119.9429503649,
521734.95402867,-334845.5727379401,-376816.18767901405,525471.3891757452,
-38286.85821685842,718035.706548841,16946.46961884945,742576.0643372842,
492318.6368355049,-540324.5302950591,235513.54093956665,66178.29595373536,
601840.0761176433,-506354.0907024748,47157.51565655696,-92207.42531676817,
781583.5036698375,82726.754256991,378133.6819031707,481521.6849608688,
886153.5678475735,488964.9720797378,-40628.266757419464,1024730.0529558023,
1758268.6799989594,684952.9744519581,858458.6251303361,-238484.7909835486,
3217.4023530883524,1168177.15643671,183936.33588548447,1879559.020574296,
1053611.1781129055,1057646.5606880053,-105876.86898969274,1611421.0020704432,
308067.5973694358,716255.2120756847,-359551.66060972353,979643.5993708263,
633599.9175302157,518313.62454641925,-154318.12554500048,351855.53548905987,
570784.3620587955,612624.9343956946,-123977.41434465992,153525.65880728982,
189777.5154436989,661576.4918748116,-178130.42320849863,-743169.3694129093,
600450.2340658432,456840.3694804996,-967093.5259908035,-149008.00659987144,
1162344.659009461,773622.9221315801,262935.034604628,393586.6165962552,
-173476.21915400933,366453.662317556,-661471.6796752061,-1432700.5517091919,
731770.4913385452,522003.22485323367,908296.6037263914,403079.7790766938,
474123.9252840844,649258.1014940667,-449144.09439239284,227096.768023899,
109018.32792170793,616768.1668386799,-309769.8439364936,216615.22219574114,
712370.9505163428,267217.4965562919,-388511.7752101246,777881.1495078965,
373033.8283533249,126047.60283636677,46540.665683018626,1529067.3984486104,
165204.13604214025,-22246.465437768642,-1418561.152369768,919191.0432786397,
809448.2038579008,225270.02590211254,669286.7914806891,783336.6995928609,
422262.2935234038,1088258.7075182467,1815294.246415771,1775625.8139023408,
258708.0012402889,411039.8389502382,-414957.9786218349,498788.1442436109,
671295.651328365,1960414.214277451,-22093.284614453565,1218755.353571517,
494125.20605541905,949911.2545640792,463859.97693854396,105848.55897778895,
597117.0467252613,994061.0103171715,6.247963291246219,953810.7326556211,
2144959.2865087423,100048.94947910318,-625165.1777163916,428996.2468999388,
-162356.67341263554,930468.8783760036,320755.20383072866,651185.306218204,
559448.5354339043,652951.5649272418,159054.05492578878,66912.32453815211,
-1931031.72729863,93702.7226028821,78932.39044619586,-77807.69518066233,
654685.0398238419,502631.85280899453,163708.7095063841,972888.9703423517,
920973.8401226159,783470.910873282,414565.82951863005,247478.89457244426,
123446.8372220583,776541.588512918,142660.7678932514,1171873.4904005579,
857112.1534824616,266175.25943442655,-1801494.7480392037,-6580.478795314775,
674462.9315586907,342531.29793275066,62970.292377241,-262477.5107088581,
165481.6343812158,1251814.3596530128,584132.654494534,1162235.3631586926,
142664.16435192424,556320.9104874426,-254469.91949788164,53981.1614831819,
178894.78187926905,1129736.6511402484,1166546.6232875043,690265.244750561,
486829.6397170656,892775.1973527239,-94784.96317646034,509448.2226505265,
-498409.05421941774,205403.1199304796,-243990.84383186483,369189.28437349875,
111026.62597062161,1314453.564072274,20607.497224731404,-545773.3044337037,
833010.8195009683,-584677.1909725884,827644.988657309,-44040.93343843032,
199851.5907855031,802659.7162225044,-12890.605817829968,-415510.9319597526,
1317319.8285067538,-492388.6139317112,365030.32186524407,-460471.9017122344,
24958.46571840641,-28271.95559331619,35309.998314441196,940975.5894460906,
987533.3474510503,-165641.5892936717,43809.9441628728,650694.325116026,
45263.617321781654,398944.55537673633,36869.94748013589,680261.3883735635,
139503.50224810696,586291.1269256517,90831.7892284306,822009.8163645574,
1740453.9784457674,482886.52474652126,66495.36600025429,428792.86691565916,
375056.23470805504,1342799.715050247,820549.411916082,-417344.9027328364,
1034524.0259779836,217753.52739228605,-164024.02503005223,970365.3616338625,
1108744.6685382803,341204.4098018531,-49900.57364238324,857741.8233376887,
992923.8462951239,279832.5803948372,338479.7217351769,212087.20882261472,
623877.5591278726,731307.5328075513,286078.9884978462,583690.1845566153,
991679.0479897577,257719.66864795878,707586.6850075044,-200145.6064410876,
421954.30077848525,1539640.6494661754,711705.935899596,414515.3950072018,
1022639.2206150256,-80066.4165303173,156770.9072304556,794515.5394847222,
1442443.8734754962,554085.5978610548,686439.2951264262,98253.36633936843,
447842.0016481071,177275.0762480488,-423041.15013008466,-265154.6133001401,
-185283.95617147844,476433.8566742649,125145.9656230033,292359.1831324713,
-414381.9552798874,-80960.53841122249,-664910.1735734005,312648.83859630517,
148158.37352739944,122002.88056208775,-13670.774822915304,721895.5720329252,
-320355.06271833193,222336.3950064053,-400915.706128126,475884.0929916218,
560792.5641124395,323316.9866984363,-583844.8282208543,770337.1032278452,
1093239.4501868559,211740.55112069534,-874645.7582186568,-476698.30010945024,
332449.35992917727,472827.10199952975,240657.8175169747,-237121.91527208782,
868780.193374863,-284058.33870247204,379132.81175704044,664719.5498218308,
498781.5469494645,1015334.4718676717,1717250.1017307197,732662.1103962928,
512536.3098531142,327850.9323607369,-161333.8272183508,108471.91402383172,
1407469.7727992898,452131.7306861376,-411293.6279635581,342806.2709858791,
3164943.4533344153,1140718.125570427,-33188.262397907994,1241250.9087965726,
607469.7973313642,-270670.4437597508,252981.45603421528,282446.89446508983,
-123154.74838421904,303037.9349440031,-174419.18186858634,1082392.9691827656,
555017.5580726115,161298.5954503966,26026.752615202062,519419.6205992409,
667186.1156491777,-1069067.5302777882,45971.73850790951,-317145.77109486255,
847271.3814824496,415023.32769394264,-482117.36405030685,393528.59970166103,
602529.8471380076,1400761.0746580835,-128981.46727047846,-830958.8418261963,
515726.1397706452,493293.8356398657,129248.403637381,1608541.752229196,
309971.8854859973,1566167.1325344942,320598.130994301,2151394.790162466,
321798.433992526,442231.3700056226,319795.5426203008,354801.11396899924,
837889.4223565932,336565.60371661757,-515.6549589539566,668993.7224662331,
-918597.2434258068,-596813.2247133681,168808.8525297896,-130773.31153782934,
492104.10060684127,781903.5884133116,-2183543.7046724437,1303865.861695489,
1071802.878939452,551579.2841535811,-198976.55363190832,354494.641651564,
-191161.4796202124,769600.110626871,646292.0578931863,1195502.0254921957,
640491.5693559174,426134.07849211653,-28187.29018463283,-768215.6820503493,
824568.0383131634,604442.5870309186,305703.4065054978,416654.48946274223,
195004.86836287464,589582.588462082,831967.6071682989,436925.91303542163,
1122460.301763447,460195.82529730385,846580.3218543159,1099142.0943144695,
-959973.166829632,-952011.6900966507,327165.4449603882,827891.7371770256,
728661.147277252,565536.38899776,540218.1263739967,861439.6578235801,
-183840.6211216558,186989.11623152235,60966.21078171313,1164951.5902157705,
1453353.6778278016,63430.56682842865,29041.160599820658,1310602.7997019175,
-26771.45911079585,307731.3847404013,-26117.963446430538,-863867.2242746206,
116092.60951457318,883526.4251138913,-408212.81852875,969190.1728922836,
504934.1482254976,707949.8964705477,-23966.92914908076,195671.2540619616,
617886.8360437248,1231076.2251937152,584942.6791750655,301148.8125310509,
347109.68075136136,-168672.15648301638,-566621.6064369341,598354.9131206856,
488424.7755024034,1118515.7315395935,411945.292278641,-487318.2249661897,
274886.9921301713,-1254846.8375160547,-116505.5019842832,224515.0333248367,
1012159.8559519108,482173.6443243589,-15383.78758836211,50583.680954913725,
1878189.5983600607,603981.6814684025,-206097.1380806485,440188.0086283159,
287311.34942616906,2754177.798281844,638391.0870431263,1232303.2976781153,
1906608.5032187027,-153557.9916507069,115112.26620047199,1753347.5900882124,
659810.6631035263,348695.66430248827,-396231.9305650865,-459815.554714966,
846494.1283765095,1988316.7120555616,904603.9357136878,922489.1103250158,
-916038.6272195578,188661.790438428,-325029.6869166958,792267.6691641866,
1062936.9484813688,495782.217972988,99431.47581766783,739340.5098645736,
1415294.537717965,499155.3113013314,-201466.6523951601,596001.0034050979,
878108.6233175932,143753.19497354096,-74728.66071820656,525636.0568453304,
1083904.0734421052,244814.5832418012,-20972.287365294796,619283.6697069055,
870571.3739576509,515749.4533161007,293738.5039025955,746543.5348842215,
270667.4828832938,-211172.66393456014,-681112.6048282941,270183.00219567644,
306192.20282602945,842674.6149298502,-41633.840523073326,205910.14311812102,
1773581.7074806946,-157235.25819588857,476797.02996163873,321864.7029762622,
552719.9209383215,511792.4719855047,1009992.8685344337,-518940.1415369479,
257302.84842542114,-743723.066878507,831705.9348400182,410668.53557720175,
17261.090047271216,-676139.6507184388,144299.15203539107,229925.50613234466,
588598.6830677695,1296371.0556655787,17903.201533292813,1027555.7027022577,
1505341.7960189963,742581.5100807729,44955.48939462134,290230.60127695993,
-44936.71497670042,1220854.81665835,618339.6196311611,-80237.14505883382,
-7146.926654332494,490001.68221467966,-297828.9096031915,45696.19186659665,
867222.9086276947,1482709.4375662454,387426.6149647151,271500.32727507275,
562983.5254195586,472445.3402295115,-112104.84924410185,430790.022733861,
-755391.2700814127,1039875.3086901966,180053.84724071476,1702200.301866422,
481753.97605842806,690298.1345785199,-1713439.293804204,325135.1627137528,
131813.3037997582,475835.09081803204,1300293.711192629,-30280.67354465551,
451604.33103402983,942440.0221500271,634265.9888741772,667858.3920983667,
935177.4124651141,899338.4967395598,181861.8964070832,74621.71232155872,
1027732.0677128779,1338433.9949470772,263136.45797431166,1413810.5240186932,
587293.0294040217,419687.2752065116,-303335.44910076406,574226.5269938626,
-56849.49628951517,1237538.168811073,359569.5093136914,1335047.5113767507,
887231.5522527177,681967.1080608475,-671298.9158811853,1244120.2898776531,
433595.9997008956,-158628.7794165651,-1139653.7930635104,754051.7322579881,
390331.37677300384,85128.08527554937,523338.98256913933,441987.6636747166,
-1367198.7961653485,946924.805891276,-136737.81746438297,511880.5093070202,
1003641.0792308224,284780.73109799414,1598229.087834897,873021.7199940111,
567392.4266069189,1319432.3275446973,-408486.9694973463,598659.813238276,
386394.1118982186,1018834.4555472631,636893.6015780936,722269.1945561919,
259982.10815397507,838915.1279794164,-156227.10133675588,224682.8053675072,
-111471.16850310421,-105600.23980625693,105834.09447437186,846049.0214645944,
468678.04532750195,313598.94120283856,112386.36411891304,1024115.1774526474,
-224477.8572685409,454751.90641446784,515145.2238581821,1440012.44606767,
1359440.6760182553,531448.8771072353,34875.19075159612,-208927.53144566156,
235603.9550884472,1062593.6814005296,393250.0647829656,407516.2760967318,
30959.8544493108,407595.3169658706,-504128.1212189923,1392337.4808606927,
757983.8548477497,1344101.845081171,764347.3710125391,913099.6417246,
455085.764198091,254382.5615958498,-265217.28769977344,306397.5055543247,
-7483.347412387295,499613.3227284696,1057019.137953092,329469.82042263006,
317621.5633352647,434251.8795838915,518739.2570623538,870305.6182794871,
-65727.53131415749,-117354.8029529769,-520621.4136633397,1318043.0897667725,
690719.2371431593,641643.6436722369,-39773.993871157414,511157.32704494364,
530609.4641114115,-52924.187538903905,-476153.3913116716,273635.9442650243,
310259.37669577205,206499.84359831124,-557696.4893116121,431055.2350871753,
-236432.19314359385,292603.623370246,-147779.5223691492,679684.3385153778,
632690.9875651688,705365.1029897572,-57616.595534503154,321526.9141115709,
1034827.7684409886,608294.7244510578,186418.18463993742,105933.39712779662,
-202684.09275201143,1798359.575463552,53110.74021990701,-191221.70453637594,
-215261.2389297118,534044.2926425631,697966.3622931514,1966197.998059602,
888841.234532704,195798.08470653236,90453.91656740589,-597653.1597077228,
1122554.7814942403,843433.7465911736,741906.4500967128,267242.83433992683,
-210144.0251333341,360256.15932701365,12480.98715590677,1542250.151830455,
758117.2901977849,535399.4195020085,304868.958522595,470189.46685498743,
306915.31384742213,571500.2059753377,-336044.43095481134,657952.9634792826,
1639158.9103536734,-360142.6257012306,215344.03764543997,-159414.4569227948,
584177.1257569079,891124.315515083,189993.80977756882,614209.4350960384,
388039.7659116287,-673155.1572297146,1000410.2125266196,-236432.8086109311,
74466.96079557828,564110.6972190116,685817.2047975874,-134269.64860615903,
939075.3443838533,1772810.7737320433,-134720.92918135572,95369.72054433732,
1102070.9739807015,175748.08145387186,-218411.37842887003,1288446.9865192506,
-189198.48682706535,-246092.5698629091,-394457.4744957934,1065926.9241206786,
364158.01985529746,968455.5955440023,-373173.81466594647,-130207.69905919331,
-97057.75706542734,735494.0972853263,-749732.6073724052,1190196.7646905412,
724957.5868641081,328761.62432784104,-112151.27273597696,739404.7275851271,
-296645.7190818507,-326940.5381962718,214016.97269769566,947100.8601484369,
647435.5663868086,1166996.9617747627,-549888.4171348598,1274878.4621161928,
687455.0277087233,535519.5307707048,-371920.7527093352,54908.06461823243,
-87323.84225426693,-835997.8752708083,-145631.37701294632,-135020.2723551682,
-346973.0134989356,1892521.6829623946,-248186.14106784435,-444142.67655424005,
-391780.55523067596,486471.5143739591,-110033.82337272092,152713.50453053598,
243685.45449547784,343201.9829202286,-719719.2186102071,574687.0559853542,
1205234.4818249964,837629.3584478676,-1300809.161836389,663642.2824460935,
972930.2336673822,1784556.5735384687,110440.03719194664,225517.5717500985,
240085.1865329629,610920.3492993276,-397617.6509626602,1106838.8694609613,
539310.9480329097,904198.1345198296,-165450.5550004303,-248343.13130382466,
106232.06924256717,1132623.978398142,472461.6467174905,1931252.7549686641,
272329.2660247251,1516447.8367575437,-496609.42490669014,1841914.4632982244,
111284.43600058436,503885.0119578985,81362.62925435635,509993.2926971396,
1275506.7690226631,958381.7632106284,748836.8434983753,571539.4844426229,
1342937.6143534528,209691.58368299002,342107.38412353897,238364.42768575595,
347893.2286662237,-991217.3125307267,912515.4923645447,-324177.30855893926,
-296428.935250678,391717.9493465856,121377.79546895353,-7232.490712721229,
674792.7243173879,847683.00465301,-29537.22628365301,562926.0739445903,
539919.6007394477,15297.492366003082,122495.840868261,370341.47137351555,
290431.13046027697,697593.3528378662,-54363.98452949348,658844.2074092485,
746760.0115544042,888064.94454575,-731275.4321887027,686378.8784181392,
335724.04425602115,-1652133.231179696,-48501.33885273549,666701.428995774,
322885.04378067417,-421499.9242903421,-109537.01015232396,770647.0131884555,
1216913.6268833843,311059.99807599466,556175.2460314198,227980.89363463275,
1063576.225840889,-333940.15625212796,-752308.8574537094,771692.5776540027,
662827.5464522375,275144.1103412004,-413987.81247559615,671621.215272059,
364768.10205135087,-532870.5854906051,637697.430153189,72362.3709986828,
45576.323923179734,226382.2263205016,-455574.21904840705,80534.08604851167,
496227.47479410097,-80658.57479501268,278895.69911438675,441629.4599237266,
1371243.6033142363,1027551.1429429981,-11828.30371998126,220462.44952751248,
665494.1585235255,1513089.2103842082,-555487.0641271358,206215.61208931124,
1359831.2048878828,254906.56992430094,374561.80188384326,127409.35982785365,
1511518.8195969465,705303.5932427365,323474.07792279706,30179.853184222044,
1759010.6898565767,1803889.4149354724,25409.488292372327,453757.29651804373,
-308342.1375318639,185395.50055598616,-250834.9065262245,770943.6077972008,
978507.5970271155,1483216.4589552686,-5915.205172040987,893227.6650639763,
-618670.0053409887,185517.6919962525,899539.470102113,504961.8315375865,
958389.6236545081,661391.7345663905,89936.30715734063,553969.5710932168,
-741810.8643907213,503367.086374938,1998028.9170912602,645978.2793757056,
431873.6691149152,251071.87180210714,-269102.14782434347,517417.13972399227,
-30662.945131390836,772242.4075953476,117728.25983539468,-490556.0037634279,
179012.87969867513,431871.86753840884,-320127.89794342977,-249880.45344416192,
-101653.87754370074,841843.5558775626,197972.40894616937,174753.49640910188,
678058.7959071186,57877.83875252883,-67652.36789538056,756823.6391998632,
562391.7319019814,899070.4192266602,-390989.1913611846,-840113.703923694,
249276.38399602298,852212.8611048689,-603287.7952331344,137158.94740356616,
-219477.39043809316,241759.62075221015,-80247.60472221779,715384.3580012681,
1368444.4459515428,1964142.2219421486,-790158.4539343899,530012.4425148625,
890966.8185623632,99737.35221484446,-328457.4137073804,-133752.2796507261,
-676883.9797889505,-87738.97849771465,-544296.3925467278,621534.2869889259,
235105.44898796274,92446.52391418327,-762106.3945209128,252415.39044232882,
198005.5910608004,402850.72378282074,151413.11377973968,1599650.0781130572,
401852.3527133204,520265.2362450998,-277704.5074387528,270018.56653007446,
289197.1008977187,405326.4986083108,104197.86093975595,35173.351253615896,
925119.4356756273,-240085.70075937524,754830.7604874312,1029483.7061523539,
862004.9365239999,570872.0931119899,-1377054.7311659325,-506136.0602361057,
567713.7357563428,769660.6982286304,507463.1381566091,407183.8933884355,
636367.8505750655,2459973.679018761,509059.2331584629,311772.1210836676,
